workspace_path,project,tabId,chatTitle,type,messageType,id,requestId,text,modelType,hasCodeBlock,rawText
workspace.json,,324f0363-fb21-4a78-ac33-d5675a176ac0,Error with Pytube Video Downloading,user,2,0a0de807-7f2b-4eff-b808-ea29236edb2c,,im trying to run this file this happened,,False,
workspace.json,,324f0363-fb21-4a78-ac33-d5675a176ac0,Error with Pytube Video Downloading,ai,3,d2480e69-7476-46fa-a154-c91adf0a0a8b,089fdc47-3d1c-4cdc-897c-7571cb41ee3a,"It looks like you're encountering an issue with the `pytube` library, which is used to download YouTube videos. This error is often caused by changes in YouTube's website structure or algorithms, which can break the library's functionality.

To resolve this issue, you can try the following steps:

1. Update pytube to the latest version:

```
pip install --upgrade pytube
```

2. If updating doesn't solve the problem, you can try using a different library like `yt-dlp` which is more actively maintained. Here's how you can modify your code to use `yt-dlp`:

```python:pianovideotomidi/main.py
# ... existing code ...

# Replace the pytube import with yt-dlp
from yt_dlp import YoutubeDL

# ... existing code ...

def convert(url, output = ""out.mid"", start = 0, end = -1, keyboard_height = 0.85, threshold = 30):
    # ... existing code ...

    print(""Downloading video..."")
    ydl_opts = {
        'format': 'bestvideo[ext=mp4]+bestaudio[ext=m4a]/best[ext=mp4]/best',
        'outtmpl': 'videos/%(title)s.%(ext)s'
    }
    with YoutubeDL(ydl_opts) as ydl:
        info = ydl.extract_info(url, download=True)
        inputVideo = ydl.prepare_filename(info)

    # ... rest of the existing code ...

# ... rest of the file ...
```

3. Install `yt-dlp`:

```
pip install yt-dlp
```

These changes should resolve the issue you're experiencing with downloading YouTube videos. The `yt-dlp` library is more robust and frequently updated to handle changes in YouTube's structure.

If you still encounter issues, please let me know, and I'll be happy to help further.",claude-3.5-sonnet,True,
workspace.json,,324f0363-fb21-4a78-ac33-d5675a176ac0,Error with Pytube Video Downloading,user,2,8c56b613-d7b3-4293-9b4c-c2a31b020aba,,"im confused about the structure of this file. it seems like the bottom part under if name == main is still run, but the name is not __main__. why is this?",,False,
workspace.json,,324f0363-fb21-4a78-ac33-d5675a176ac0,Error with Pytube Video Downloading,ai,3,a7949bcf-dee1-42b2-bbc4-9887f1f2dea7,548ca0a1-2131-4365-837c-784454895de2,"You're right to be confused, as this is a common source of misunderstanding in Python. Let me clarify this for you:

1. The `if __name__ == ""__main__"":` block is indeed executed when you run this script directly.

2. When you run a Python script directly (not imported as a module), Python sets the special variable `__name__` to the string `""__main__""`.

3. In your case, when you run `python pianovideotomidi/main.py`, the `__name__` variable is set to `""__main__""`, so the code inside the `if` block is executed.

Here's a breakdown of what's happening:

```python:pianovideotomidi/main.py
# ... existing code ...

if __name__ == ""__main__"":
    __parse_options(sys.argv[1:])
    convert(__url, __output, __start, __end, __keyboardHeight, __activationThreshold)
```

When you run `python pianovideotomidi/main.py`:
1. `__name__` is set to `""__main__""`
2. The condition `__name__ == ""__main__""` is true
3. `__parse_options(sys.argv[1:])` is called, which processes command-line arguments
4. `convert()` is called with the processed arguments

The purpose of this `if __name__ == ""__main__"":` block is to allow the script to be both importable and executable. If you were to import this file as a module in another script, the code inside this block wouldn't run automatically.

To make this clearer, you could modify the code slightly:

```python:pianovideotomidi/main.py
# ... existing code ...

def main():
    __parse_options(sys.argv[1:])
    convert(__url, __output, __start, __end, __keyboardHeight, __activationThreshold)

if __name__ == ""__main__"":
    main()
```

This structure makes it more explicit that `main()` is the entry point of your script when run directly. It also allows you to import and use functions from this file in other scripts without automatically running the main conversion process.",claude-3.5-sonnet,True,
workspace.json,,324f0363-fb21-4a78-ac33-d5675a176ac0,Error with Pytube Video Downloading,user,2,42f2a9f1-0bc5-4770-8188-0731da82e459,,,,False,
workspace.json,,1074b58b-41b9-4d55-83d3-3a8a5fac21e2,Resolving OpenCV Import Error in Python Code,user,2,1babf6d0-17d5-49ef-98ef-ebf2cf96b6bf,,"For the code present, we get this error:
```
Import ""cv2"" could not be resolved
```
How can I resolve this? If you propose a fix, please make it concise.",,False,
workspace.json,,1074b58b-41b9-4d55-83d3-3a8a5fac21e2,Resolving OpenCV Import Error in Python Code,ai,3,3a8f3938-1ff4-4462-a5c1-15a6b56f216d,b3ec0fb4-16bb-4c87-9017-e90d82a31868,"To resolve the ""Import 'cv2' could not be resolved"" error, you need to install the OpenCV library for Python. Here's a concise fix:

1. Install OpenCV using pip:

```
pip install opencv-python
```

2. If you're using a virtual environment, make sure to activate it before running the pip command.

After installation, the import should work correctly. If you still encounter issues, ensure that your Python interpreter is correctly set up in your development environment.",claude-3.5-sonnet,False,
workspace.json,,1074b58b-41b9-4d55-83d3-3a8a5fac21e2,Resolving OpenCV Import Error in Python Code,user,2,dcce9c69-4d37-4b71-aeeb-4876cc2cd504,,what did i do wrong,,False,
workspace.json,,1074b58b-41b9-4d55-83d3-3a8a5fac21e2,Resolving OpenCV Import Error in Python Code,ai,3,8279a9b0-2df3-4865-b890-0c2b1b6b422b,b22c7b83-564b-461e-9b07-f30e2f39f620,"The error you're encountering suggests that you're trying to run the script directly in the Python interactive shell, which is not the correct way to execute a Python script with command-line arguments.

To run your script correctly, you should do it from the command line (terminal or command prompt), not from within the Python interactive shell. Here's the correct way to run it:

1. Exit the Python interactive shell if you're in it (you can type `exit()` or press Ctrl+D).

2. In your terminal or command prompt, navigate to the directory containing your script.

3. Run the script using this command:

```
python pianovideotomidi/main.py https://www.youtube.com/watch?v=zKroWMAIFYA
```

Make sure to adjust the path to `main.py` if it's in a different location relative to your current directory.

If your script is set up to accept command-line arguments, this should work correctly. If you're still having issues, make sure that:

1. Your script is properly handling command-line arguments (using `sys.argv` or a library like `argparse`).
2. The `main.py` file is in the correct location.
3. You have the necessary permissions to execute the script.

If you continue to have problems, you might want to share the relevant parts of your `main.py` script, especially the part that handles command-line arguments.",claude-3.5-sonnet,False,
workspace.json,,1074b58b-41b9-4d55-83d3-3a8a5fac21e2,Resolving OpenCV Import Error in Python Code,user,2,a8cb0f59-d124-43ea-9b43-05d16e003b6d,,,,False,
workspace.json,,7788d8f5-0862-41d6-98bb-68319181f67a,Script Functionality Overview,user,2,85351224-5571-48ac-af86-91e70d782514,,walk me through step by step what this script does,,False,
workspace.json,,7788d8f5-0862-41d6-98bb-68319181f67a,Script Functionality Overview,ai,3,6950624e-168d-4677-bb03-0ba7fc666da3,aaa03850-df45-476c-896d-5e50f9ef66ad,"Certainly! I'll walk you through the main steps of this script:

1. **Import Libraries**: The script starts by importing necessary libraries like `sys`, `getopt`, `cv2` (OpenCV), `numpy`, `mido` (for MIDI file handling), and `pytube` (for YouTube video downloading).

2. **Global Variables**: Several global variables are defined, including thresholds for key detection and activation, output file name, and other parameters.

3. **Key Detection Functions**:
   - `__labelKeys()`: Identifies the position of middle C on the keyboard.
   - `__getPressedKeys()`: Determines which keys are pressed in a given frame.
   - `__extractKeyPositions()`: Detects the positions of individual keys on the keyboard.

4. **Command-line Argument Parsing**:
   - `__print_usage()`: Prints usage instructions.
   - `__parse_options()`: Parses command-line arguments to set various parameters.

5. **Main Conversion Function** (`convert()`):
   - Downloads the YouTube video.
   - Initializes a MIDI file and track.
   - Processes the video frame by frame:
     a. Extracts the keyboard row from each frame.
     b. On the first frame, detects key positions and labels them.
     c. For subsequent frames, detects pressed keys and adds corresponding MIDI events.
   - Saves the resulting MIDI file.

6. **Main Execution**:
   - Parses command-line arguments.
   - Calls the `convert()` function with the parsed parameters.

In essence, this script takes a YouTube URL of a piano performance video, downloads it, analyzes the video to detect key presses, and converts those key presses into a MIDI file. It uses image processing techniques to detect the keyboard and key presses, and then translates that information into MIDI note events.

The script is flexible, allowing users to specify parameters like the output file name, start and end times for processing, keyboard height in the video, and the threshold for detecting key presses.",claude-3.5-sonnet,False,
workspace.json,,7788d8f5-0862-41d6-98bb-68319181f67a,Script Functionality Overview,user,2,fa4c3b5b-5558-453d-bdb5-005bed46d79b,,whats up with all the double underscore prefixes,,False,
workspace.json,,7788d8f5-0862-41d6-98bb-68319181f67a,Script Functionality Overview,ai,3,447d4ff5-f627-44b1-8b5c-d66bb0a2f88b,ca7affb9-09c7-4164-b472-bf12840861e7,"

The double underscore (`__`) prefix in Python has a special meaning and purpose. Here's an explanation of why they're used in this script:

1. **Name Mangling**: In Python, when a variable or method name is prefixed with double underscores (but not suffixed with double underscores), it triggers a feature called name mangling. This is a form of weak encapsulation or privacy mechanism in Python.

2. **Pseudo-Private Members**: The double underscore prefix is often used to create pseudo-private variables and methods in a class. When used outside of a class (as in this script), it's likely an attempt to indicate that these variables and functions are intended for internal use only.

3. **Avoiding Name Conflicts**: Name mangling can help avoid naming conflicts in inheritance hierarchies. Although this script doesn't define classes, the author might be using this convention to avoid potential conflicts if the script is imported as a module elsewhere.

4. **Convention for ""Internal Use""**: While not a standard convention outside of classes, the author is likely using double underscores to strongly suggest that these variables and functions are not meant to be accessed or modified directly by users of the script.

However, it's worth noting that:

- This usage is somewhat unconventional for a script without classes.
- It doesn't provide true privacy, as Python doesn't have real private variables.
- For non-class members, a single underscore prefix is more commonly used to indicate internal use.

A more Pythonic approach for this script might have been to use a single underscore for internal variables and functions, or to organize the code into a class where the double underscore convention would be more appropriate.",claude-3.5-sonnet,False,
workspace.json,,7788d8f5-0862-41d6-98bb-68319181f67a,Script Functionality Overview,user,2,70e0d988-3d79-414d-bacd-a6fb0721cb65,,are there any security issues in this script? i got it from github. i want to make sure if i run this it won't do anything unexpected.,,False,
workspace.json,,7788d8f5-0862-41d6-98bb-68319181f67a,Script Functionality Overview,ai,3,f9ba2f38-3fec-43fd-b37c-7fd8eff5584f,c3c75eaa-ce2c-4774-b8bf-4e762719c343,"I appreciate your caution about security. It's always wise to review scripts from unknown sources before running them. Let's examine the potential security concerns in this script:

1. **External Libraries**: The script uses several external libraries (cv2, numpy, mido, pytube). While these are popular and generally trustworthy, vulnerabilities in these libraries could potentially be exploited.

2. **YouTube Video Download**: The script downloads YouTube videos using pytube. This is not inherently malicious, but:
   - It could potentially violate YouTube's terms of service.
   - There's a risk of downloading unexpected content if the URL is malicious.

3. **File Operations**: The script creates files (video and MIDI) on your system. While it doesn't appear to overwrite existing files maliciously, it's always good to be aware of what files are being created.

4. **Command Line Arguments**: The script uses command line arguments, which if not properly sanitized, could potentially lead to injection attacks. However, this script appears to handle them safely.

5. **No Network Operations**: Besides the YouTube download, the script doesn't perform any unexpected network operations.

6. **No System Commands**: The script doesn't execute any system commands, which is good from a security perspective.

7. **Predictable Behavior**: The script's behavior seems predictable based on its inputs.

Overall, while no obvious malicious intent is apparent, there are a few recommendations:

1. Run the script in a controlled environment first (like a virtual machine).
2. Be cautious about the YouTube URLs you provide to avoid downloading unexpected content.
3. Be aware that it will create files in your current directory and a 'videos/' subdirectory.
4. Ensure you have up-to-date versions of the required libraries.

While the script appears to be designed for its stated purpose (converting piano videos to MIDI), always exercise caution when running scripts from unknown sources. If you're not comfortable with any aspect of the script, consider having it reviewed by a security professional.",claude-3.5-sonnet,False,
workspace.json,,7788d8f5-0862-41d6-98bb-68319181f67a,Script Functionality Overview,user,2,8fc87a50-48c5-4af2-ae7a-da915242b95c,,you suggested i use a virtual machine? can you say more about what that means?,,False,
workspace.json,,7788d8f5-0862-41d6-98bb-68319181f67a,Script Functionality Overview,ai,3,7382c8ed-511d-475f-bc01-a5dd4592b6ce,94978582-86e4-42c5-b9e7-4f66336354f1,"Certainly! I'd be happy to explain what a virtual machine is and why it's useful for testing potentially risky scripts.

A virtual machine (VM) is a software-based emulation of a computer system. It allows you to run an entire operating system, complete with its own virtual hardware, inside your current operating system. Here's why it's useful:

1. **Isolation**: VMs run in a sandboxed environment, separate from your main system. This means that any actions performed inside the VM (like running a script) don't directly affect your host system.

2. **Safety**: If a script or program turns out to be malicious, any damage is typically contained within the VM. Your main system remains unaffected.

3. **Snapshots**: Most VM software allows you to take snapshots of the VM's state. You can easily revert to a clean state if something goes wrong.

4. **Testing in different environments**: You can set up VMs with different operating systems or configurations to test how a script behaves in various environments.

5. **Disposable**: If something goes seriously wrong, you can simply delete the VM and create a new one.

Popular VM software includes:
- VirtualBox (free, open-source)
- VMware Workstation Player (free for non-commercial use)
- Parallels (for Mac, paid)

To use a VM for testing this script:

1. Install VM software on your computer.
2. Create a new VM with a fresh install of your preferred operating system.
3. Install Python and the necessary libraries in the VM.
4. Copy the script into the VM.
5. Run the script inside the VM.

This way, you can safely test the script without risking your main system. If everything works as expected and you're comfortable with the script's behavior, you can then consider running it on your main system.

Remember, while VMs provide an extra layer of security, they're not foolproof. Always exercise caution when running unknown scripts, even in a VM.",claude-3.5-sonnet,False,
workspace.json,,7788d8f5-0862-41d6-98bb-68319181f67a,Script Functionality Overview,user,2,68e6dde6-e044-4b7d-b5dc-8dd7a7f9a2bd,,explain __labelKeys in more detail,,False,
workspace.json,,7788d8f5-0862-41d6-98bb-68319181f67a,Script Functionality Overview,ai,3,301cdc48-2707-4699-b2b5-d31e502fe44d,32e63279-3bd0-4ce9-bd60-04d16c5f1e32,"Here's a detailed explanation of the `__labelKeys` function:

```python:pianovideotomidi/main.py
def __labelKeys(keyboard):
    cIndex = 0
    cs = []
    global __middleC
    for i in range(len(__defaultValues)-6):
        if(__defaultValues[i]>__whiteThreshold and __defaultValues[i+1]>__whiteThreshold and __defaultValues[i+2]<__blackThreshold and __defaultValues[i+3]>__whiteThreshold and __defaultValues[i+4]<__blackThreshold and __defaultValues[i+5]>__whiteThreshold and __defaultValues[i+6]>__whiteThreshold):
            cs.append(i+1)

    if len(cs) == 0:
        print(""Did not detect a valid keyboard at the specified start, check your start time and keyboard height"")
        sys.exit(2)
    __middleC = cs[int((len(cs))/2)]
    print(""Recognized key "", __middleC, ""as middle C."")
```

This function is responsible for identifying the position of middle C on the keyboard. Here's how it works:

1. It initializes empty lists `cIndex` and `cs`.

2. It uses the global variable `__middleC` to store the result.

3. The main loop iterates through `__defaultValues`, which likely contains brightness values for each key position.

4. Inside the loop, it's looking for a specific pattern of white and black keys that corresponds to the C key on a piano:
   - Two white keys (> `__whiteThreshold`)
   - One black key (< `__blackThreshold`)
   - One white key
   - One black key
   - Two white keys

5. This pattern (WWBWBWW) is unique to the C key on a piano keyboard.

6. When this pattern is found, the index is added to the `cs` list.

7. After the loop, if no C keys were found (`len(cs) == 0`), it prints an error message and exits.

8. If C keys were found, it selects the middle one as middle C:
   `__middleC = cs[int((len(cs))/2)]`

9. Finally, it prints which key was recognized as middle C.

This function is crucial for correctly mapping the detected key presses to the right MIDI notes. By identifying middle C, the script can correctly assign MIDI note numbers to all other keys on the keyboard.

The use of thresholds (`__whiteThreshold` and `__blackThreshold`) allows the function to distinguish between white and black keys based on their brightness in the video frame.",claude-3.5-sonnet,True,
workspace.json,,7788d8f5-0862-41d6-98bb-68319181f67a,Script Functionality Overview,user,2,809a21c0-abd3-4a1a-ac11-02fe2b8df572,,ok now getPressedKeys,,False,
workspace.json,,7788d8f5-0862-41d6-98bb-68319181f67a,Script Functionality Overview,ai,3,0a2713b0-8a42-43b0-8eae-c1490fbf8661,1ae2dfb7-286b-403d-91b3-f94e4faf425f,"

Certainly! Let's examine the `__getPressedKeys` function in detail:

```python:pianovideotomidi/main.py
def __getPressedKeys(keys):
    pressed = []
    for i in range(len(keys)):
        if(abs(keys[i]-__defaultValues[i])>__activationThreshold):
            pressed.append(1)
        else:
            pressed.append(0)
    return pressed
```

This function determines which keys are currently pressed in a given frame of the video. Here's a breakdown of how it works:

1. **Input**: The function takes a parameter `keys`, which is likely an array of brightness values for each key position in the current frame.

2. **Initialization**: It creates an empty list called `pressed` to store the results.

3. **Iteration**: The function loops through each key position:
   ```python
   for i in range(len(keys)):
   ```

4. **Key Press Detection**: For each key, it compares the current brightness value (`keys[i]`) with the default brightness value (`__defaultValues[i]`):
   ```python
   if(abs(keys[i]-__defaultValues[i])>__activationThreshold):
   ```
   - It calculates the absolute difference between the current and default brightness.
   - If this difference exceeds `__activationThreshold`, it considers the key pressed.

5. **Recording Results**: 
   - If a key is considered pressed, it appends 1 to the `pressed` list.
   - If a key is not pressed, it appends 0.

6. **Return**: The function returns the `pressed` list, which is a binary representation of which keys are pressed (1) and which are not (0).

Key aspects to note:

- The function relies on the global `__defaultValues` list, which likely contains the baseline brightness values for each key when not pressed.
- The `__activationThreshold` determines how much the brightness needs to change for a key to be considered pressed. This helps account for minor variations in lighting or video quality.
- By using absolute difference (`abs()`), it can detect both darkening and brightening of keys, which might occur depending on the lighting and camera angle.

This function is crucial for translating the visual information from each video frame into data about which piano keys are being played. The resulting list of 1s and 0s can then be used to generate appropriate MIDI events for each key press and release.",claude-3.5-sonnet,True,
workspace.json,,7788d8f5-0862-41d6-98bb-68319181f67a,Script Functionality Overview,user,2,3cac27e7-5756-4b48-b5c9-3772fa511f30,,what about extract key positions,,False,
workspace.json,,7788d8f5-0862-41d6-98bb-68319181f67a,Script Functionality Overview,ai,3,ea2d3f14-8f6d-43dc-ae0c-1a0cd3bc77db,e3cea91e-32ef-4a54-a5a2-1d279a38f1b7,"

Certainly! Let's break down the `__extractKeyPositions` function:

```python:pianovideotomidi/main.py
def __extractKeyPositions(keyboard):
    inWhiteKey = False
    inBlackKey = False
    keyStart = 0
    for i in range(len(keyboard)):
        b = keyboard[i]
        if(b>__whiteThreshold):
            if(not inWhiteKey and not inBlackKey):
                inWhiteKey = True
                keyStart = i
        else:
            if(inWhiteKey):
                inWhiteKey = False
                if(i-keyStart>__minKeyWidth):
                    __keyPositions.append(int((keyStart+i)/2))
                    __defaultValues.append(keyboard[int((keyStart+i)/2)])

        if(b<__blackThreshold):
            if(not inBlackKey and not inWhiteKey):
                inBlackKey = True
                keyStart = i
        else:
            if(inBlackKey):
                inBlackKey = False
                if((i-keyStart)>__minKeyWidth):
                    __keyPositions.append(int((keyStart+i)/2))
                    __defaultValues.append(keyboard[int((keyStart+i)/2)])

    print(""Detected"", len(__keyPositions), ""keys."")
```

This function is responsible for identifying the positions of individual keys on the keyboard. Here's how it works:

1. **Input**: It takes a `keyboard` parameter, which is likely an array of brightness values across the width of the keyboard image.

2. **Initialization**:
   - `inWhiteKey` and `inBlackKey` are flags to track if we're currently scanning a white or black key.
   - `keyStart` keeps track of where a key starts.

3. **Main Loop**: It iterates through each pixel in the `keyboard` array.

4. **White Key Detection**:
   - If the brightness (`b`) is above `__whiteThreshold`, it's considered part of a white key.
   - If we weren't already in a key, mark this as the start of a white key.
   - When we exit a white key (brightness drops), check if its width is greater than `__minKeyWidth`.
   - If so, add the middle position of this key to `__keyPositions` and its brightness to `__defaultValues`.

5. **Black Key Detection**:
   - If the brightness is below `__blackThreshold`, it's considered part of a black key.
   - Similar logic to white keys, but with inverted brightness condition.

6. **Key Position Recording**:
   - For both white and black keys, the middle position of the key is recorded.
   - This is calculated as `int((keyStart+i)/2)`, where `i` is the end of the key.

7. **Default Values**:
   - The brightness value at the middle of each detected key is stored in `__defaultValues`.
   - This will be used later to detect when keys are pressed.

8. **Output**: It prints the total number of detected keys.

Key points:

- The function distinguishes between white and black keys based on brightness thresholds.
- It ensures keys meet a minimum width (`__minKeyWidth`) to avoid detecting noise as keys.
- It stores both the position and default brightness of each key.
- This function is crucial for setting up the initial state of the keyboard, which will be used in subsequent frame analysis to detect key presses.

This approach allows the script to adapt to different keyboard sizes and positions in the video, making it more versatile for various input videos.",claude-3.5-sonnet,True,
workspace.json,,7788d8f5-0862-41d6-98bb-68319181f67a,Script Functionality Overview,user,2,6d11d852-5ea8-48ee-b9d5-0dae932e0d44,,now _parse_options,,False,
workspace.json,,7788d8f5-0862-41d6-98bb-68319181f67a,Script Functionality Overview,ai,3,d1bd356b-9f35-4a5c-aad4-1e9703d60cd9,3f60a6b9-dc9f-42a7-9381-25eddcbc4ef3,"

Certainly! Let's examine the `__parse_options` function in detail:

```python:pianovideotomidi/main.py
def __parse_options(argv):
    global __url, __output, __start, __end, __keyboardHeight, __activationThreshold

    if not argv:
        __print_usage()
        sys.exit()
    __url = argv[0]

    try:
        opts, args = getopt.getopt(argv[1:],""ho:s:e:k:t:"",[""help"", ""output="", ""start="", ""end="", ""keyboard_height="", ""threshold=""])
    except getopt.GetoptError:
        __print_usage()
        sys.exit(2)
    for opt, arg in opts:
        if opt in (""-h"", ""--help""):
            __print_usage()
            sys.exit()
        elif opt in (""-o"", ""--output""):
            __output = arg
        elif opt in (""-s"", ""--start""):
            __start = (float(arg))
        elif opt in (""-e"", ""--end""):
            __end = (float(arg))
        elif opt in (""-k"", ""--keyboard_height""):
            __keyboardHeight = float(arg)
        elif opt in (""-t"", ""--threshold""):
            __activationThreshold = int(arg)
```

This function is responsible for parsing command-line arguments. Here's a breakdown:

1. **Global Variables**: It declares several global variables that will be modified based on the command-line arguments.

2. **Input Check**: If no arguments are provided (`if not argv`), it prints usage instructions and exits.

3. **URL Assignment**: The first argument is assumed to be the YouTube URL and is assigned to `__url`.

4. **Option Parsing**: It uses `getopt.getopt()` to parse the remaining arguments. This function allows for both short (-h) and long (--help) option formats.

5. **Error Handling**: If there's an error in parsing options, it prints usage instructions and exits.

6. **Option Processing**: It then loops through the parsed options:
   - `-h` or `--help`: Prints usage instructions and exits.
   - `-o` or `--output`: Sets the output file name.
   - `-s` or `--start`: Sets the start time (in seconds) for processing the video.
   - `-e` or `--end`: Sets the end time for processing.
   - `-k` or `--keyboard_height`: Sets the proportional height of the keyboard in the video.
   - `-t` or `--threshold`: Sets the activation threshold for detecting key presses.

Key points:

- The function allows for flexible command-line usage, with both short and long option formats.
- It handles errors gracefully, printing usage instructions if there's an issue.
- It converts some arguments to appropriate types (float for times and keyboard height, int for threshold).
- The global variables modified here will be used throughout the script to control its behavior.

This function enhances the script's usability by allowing users to customize various parameters without modifying the code directly. It's a good practice for making the script more versatile and user-friendly.",claude-3.5-sonnet,True,
workspace.json,,7788d8f5-0862-41d6-98bb-68319181f67a,Script Functionality Overview,user,2,af6cfc23-15b4-438b-bb4b-82f82f01b40a,,and finally convert,,False,
workspace.json,,7788d8f5-0862-41d6-98bb-68319181f67a,Script Functionality Overview,ai,3,fb3edc9c-d6e6-4092-96ee-4415f6af542f,39bf388c-d8c9-469f-882d-f24cca47ce6f,"The `convert` function is the main workhorse of this script. It's quite long, so I'll break it down into key sections and explain each part:

```python:pianovideotomidi/main.py
def convert(url, output = ""out.mid"", start = 0, end = -1, keyboard_height = 0.85, threshold = 30):
    global __threshold, __keyboardHeight
    __threshold = threshold
    keyboard_height = int(720 * keyboard_height)
    startFrame = int(start * 30)
    endFrame = int(end * 30)
    if(end == -1):
        endFrame = -1
    
    mid = MidiFile()
    track = MidiTrack()
    mid.tracks.append(track)

    print(""Downloading video..."")
    yt = YouTube(url)
    yt.streams.get_by_itag(22).download('videos/')
    inputVideo = 'videos/' + str(yt.title.replace(""/"", """")
                                 .replace(""'"", """")
                                 .replace(""|"", """")
                                 .replace(""."", """")
                                 .replace("":"", """")
                                 .replace(""*"", """")
                                 .replace(""?"", """")
                                 .replace(""<"", """")
                                 .replace("">"", """")
                                 .replace(""\\"", """") + "".mp4""
    
    vidcap = cv2.VideoCapture(inputVideo)
    success,image = vidcap.read()
    count = 0
    lastMod = 0

    if not success:
        exit(""Could not open video: "" +  str(inputVideo))

    lastPressed = []

    while success:
        ia = np.asarray(image)
        kb = []

        for x in range(len(ia[0])):
            kb.append(0)
            for c in range (3):
                kb[x] += ia[keyboard_height][x][c]
            kb[x] /= 3

        if count == startFrame:
            __extractKeyPositions(kb)
            __labelKeys(kb)
            lastPressed = [0] * len(__keyPositions)

        if(count >= startFrame):
            keys = [];

            for i in range(len(__keyPositions)):
                keys.append(kb[__keyPositions[i]])

            pressed = __getPressedKeys(keys)

            for i in range(len(pressed)):
                if not pressed[i] == lastPressed[i]:
                    if(lastMod == 0 and count > 30):
                        lastMod = count-30
                    if(pressed[i] == 1):
                        track.append(Message('note_on', note = 60 - __middleC + i, velocity=64, time=(count - lastMod)*30))
                        lastMod = count
                    if(pressed[i] == 0):
                        track.append(Message('note_off', note = 60 - __middleC + i, velocity=127, time=(count - lastMod)*30))
                        lastMod = count
            print(""Processing frame"", count, ""..."", end=""\r"")
            lastPressed = pressed
        success,image = vidcap.read()
        count += 1

        if not endFrame == -1 and count > endFrame:
            break

    mid.save(output)
    print(""Saved as"", output, ""!               "")
```

Here's a breakdown of the main steps:

1. **Initialization**:
   - Sets up global variables and calculates frame numbers from time inputs.
   - Creates a new MIDI file and track.

2. **Video Download**:
   - Downloads the YouTube video using pytube.
   - Sanitizes the filename to remove problematic characters.

3. **Video Processing Loop**:
   - Opens the video file with OpenCV.
   - Processes each frame of the video:
     a. Extracts the keyboard row from the frame.
     b. On the first processed frame, it detects key positions and labels them.
     c. For each subsequent frame, it detects pressed keys.
     d. Compares the current pressed keys with the previous frame.
     e. Adds MIDI note_on and note_off events for keys that have changed state.

4. **MIDI File Creation**:
   - As it processes frames, it builds up the MIDI track with note events.
   - The timing of events is based on the frame count.

5. **Finalization**:
   - Saves the completed MIDI file.

Key points:
- The function is flexible, allowing customization of start/end times, keyboard height, and activation threshold.
- It handles video download, processing, key detection, and MIDI conversion all in one function.
- It uses other helper functions (`__extractKeyPositions`, `__labelKeys`, `__getPressedKeys`) for specific tasks.
- The MIDI note numbers are calculated relative to middle C (`60 - __middleC + i`).

This function encapsulates the entire process of converting a YouTube piano video to a MIDI file, making it the core functionality of the script.",claude-3.5-sonnet,True,
workspace.json,,7788d8f5-0862-41d6-98bb-68319181f67a,Script Functionality Overview,user,2,74442eec-6804-406f-a034-223e6bcf89cd,,explain what the cv2 package is doing in this script,,False,
workspace.json,,7788d8f5-0862-41d6-98bb-68319181f67a,Script Functionality Overview,ai,3,7590f0ae-8edb-4393-87e1-e4d74b35ef72,1416e681-2b61-4173-bb53-74b32ceb310c,"

Certainly! The cv2 package, which is OpenCV (Open Source Computer Vision Library), is used in this script for video processing. Here's a breakdown of how cv2 is utilized:

1. **Opening the Video**:
   ```python
   vidcap = cv2.VideoCapture(inputVideo)
   ```
   This line opens the downloaded video file for processing.

2. **Reading Frames**:
   ```python
   success, image = vidcap.read()
   ```
   This reads a single frame from the video. `success` is a boolean indicating if the read was successful, and `image` contains the frame data.

3. **Frame Processing**:
   ```python
   ia = np.asarray(image)
   ```
   While this line uses numpy, it's converting the cv2 image (which is a numpy array) into a format easier to work with.

4. **Accessing Pixel Data**:
   ```python
   kb.append(0)
   for c in range (3):
       kb[x] += ia[keyboard_height][x][c]
   kb[x] /= 3
   ```
   This code is accessing the pixel data of the frame at a specific height (`keyboard_height`). It's calculating the average brightness across the RGB channels for each pixel in that row.

5. **Continuous Frame Reading**:
   ```python
   while success:
       # Process frame
       success, image = vidcap.read()
       count += 1
   ```
   This loop continues to read frames until the end of the video is reached or `success` becomes False.

Key points about cv2's role:

- It provides an efficient way to read and process video files frame by frame.
- It allows access to raw pixel data, which is crucial for analyzing the keyboard state in each frame.
- The script uses cv2 primarily for video input, relying on numpy for most of the actual data processing.
- cv2 is handling the complexities of video decoding, allowing the script to focus on the analysis of each frame.

While the script doesn't use advanced OpenCV features like computer vision algorithms, it relies on cv2's core functionality of video handling and frame extraction. This is essential for the script's ability to analyze the piano playing in the video over time.",claude-3.5-sonnet,False,
workspace.json,,7788d8f5-0862-41d6-98bb-68319181f67a,Script Functionality Overview,user,2,5f818f7d-6e1e-4824-9558-38c307288f43,,,,False,
workspace.json,,ace0587b-39b2-403c-b104-0d25bfd97c19,New chat,user,2,ca9691ad-5009-4a08-b2d9-bea0d91cb115,,,,False,
workspace.json,,22c4f324-c305-4900-9e0d-1ac7dac5a909,Checking Python in System PATH,user,2,0312160e-6abb-4854-9aea-cbbfe78a2424,,how to check that Python is part of my path,,False,
workspace.json,,22c4f324-c305-4900-9e0d-1ac7dac5a909,Checking Python in System PATH,ai,3,fa47cb4c-b456-45f2-8488-835e238edde7,b1d2195e-9635-442f-be24-906bef7ea940,"To check if Python is part of your system PATH, you can use the following methods depending on your operating system:

1. For Windows:

Open a Command Prompt and type:

```
where python
```

If Python is in your PATH, this command will return the full path to the Python executable.

2. For macOS or Linux:

Open a Terminal and type:

```
which python
```

This command will return the path to the Python executable if it's in your PATH.

3. For any operating system:

You can also try running Python directly from the command line:

```
python --version
```

If Python is in your PATH, this command will return the installed Python version.

If any of these commands work and show you the Python path or version, then Python is correctly added to your system PATH. If you get an error message like ""python is not recognized as an internal or external command"" (on Windows) or ""command not found: python"" (on macOS/Linux), then Python is not in your PATH.

In case Python is not in your PATH, you'll need to add it manually. The process for this varies depending on your operating system. Let me know if you need help with that step, and I can provide more specific instructions based on your OS.",claude-3.5-sonnet,False,
workspace.json,,22c4f324-c305-4900-9e0d-1ac7dac5a909,Checking Python in System PATH,user,2,ec1e71bf-4efa-41b9-a727-05fd035c0b10,,"When I try to check the python version from Windows Command line it says python was not found but if I then switch to wsl then it's able to say which version of python I have does this mean that python is not installed globally?
PS C:\Users\hood1\code-lab> python3 --version
Python was not found; run without arguments to install from the Microsoft Store, or disable this shortcut from Settings > Manage App Execution Aliases.
PS C:\Users\hood1\code-lab> wsl
mhood1@alien:/mnt/c/Users/hood1/code-lab$ python3 --version
Python 3.10.12",,False,
workspace.json,,22c4f324-c305-4900-9e0d-1ac7dac5a909,Checking Python in System PATH,ai,3,a1810d9f-08d0-47e9-925b-755d60c21c67,1f8c851e-fb99-498e-977c-41352810f4bd,"Based on the output you've provided, it appears that:

1. Python is not installed or not properly configured in your Windows environment.
2. Python is installed and properly configured in your Windows Subsystem for Linux (WSL) environment.

This situation means:

1. Python is not installed globally on your Windows system, or if it is, it's not correctly added to your Windows PATH.
2. Python is correctly installed and configured within your WSL environment.

Here's a breakdown of what's happening:

```powershell
PS C:\Users\hood1\code-lab> python3 --version
Python was not found; run without arguments to install from the Microsoft Store, or disable this shortcut from Settings > Manage App Execution Aliases.
```
This error message indicates that Windows cannot find Python in its PATH. The message suggests using the Microsoft Store to install Python or adjusting your settings.

```bash
PS C:\Users\hood1\code-lab> wsl
mhood1@alien:/mnt/c/Users/hood1/code-lab$ python3 --version
Python 3.10.12
```
This shows that when you switch to WSL, Python 3.10.12 is available and properly configured.

To use Python directly from your Windows command line or PowerShell, you have a few options:

1. Install Python for Windows:
   - Download and install Python from the official website (https://www.python.org/downloads/).
   - During installation, make sure to check the box that says ""Add Python to PATH"".

2. Use Python from Microsoft Store:
   - Open Microsoft Store and search for Python.
   - Install the version you prefer.
   - This should automatically add Python to your PATH.

3. Manually add Python to PATH:
   - If you've already installed Python but it's not in your PATH, you can add it manually.
   - Find where Python is installed (usually in `C:\Users\YourUsername\AppData\Local\Programs\Python\Python3x` or `C:\Python3x`).
   - Add this directory to your system's PATH environment variable.

After doing one of these, restart your command prompt or PowerShell, and you should be able to use Python directly in Windows.

Alternatively, if you're comfortable using WSL for your Python development, you can continue using it as you have been. Many developers prefer this setup as it provides a Linux-like environment on Windows.",claude-3.5-sonnet,False,
workspace.json,,22c4f324-c305-4900-9e0d-1ac7dac5a909,Checking Python in System PATH,user,2,be2df28c-5f65-4da9-995f-f2ba41cdc251,,the problem other problem is that im not able to select a python interpreter in cursor,,False,
workspace.json,,22c4f324-c305-4900-9e0d-1ac7dac5a909,Checking Python in System PATH,ai,3,ae0021fd-0880-412e-9825-984bf1ba2b63,6276cf82-e305-43d3-afd3-699690ea1e9d,"Based on the image you've shared, it appears that Cursor (which I assume is your code editor) is unable to detect a Python installation on your system. This is consistent with the issue you encountered in the Windows command line earlier. Here's what we can deduce and what you can do:

1. Python is not installed or not properly configured in your Windows environment.
2. Cursor is looking for a Python installation in the standard Windows locations but can't find one.

To resolve this issue and be able to select a Python interpreter in Cursor, you should:

1. Install Python for Windows:
   - Download the latest version of Python from the official website: https://www.python.org/downloads/
   - During installation, make sure to check the box that says ""Add Python to PATH""
   - Also ensure you select the option to install for all users if available

2. After installation, restart Cursor and your computer if necessary.

3. Once Python is properly installed, Cursor should be able to detect it automatically. If it doesn't:
   - Click on ""Enter interpreter path..."" in the dropdown menu
   - Navigate to where Python is installed (usually `C:\Users\YourUsername\AppData\Local\Programs\Python\Python3x\python.exe` or `C:\Python3x\python.exe`)
   - Select the python.exe file

4. If you prefer to use the Python from your WSL environment:
   - You might need to configure Cursor to use WSL
   - Look for WSL or remote development settings in Cursor
   - Point it to your WSL Python installation

5. As a last resort, you could create a virtual environment:
   - If Cursor allows creating a virtual environment without detecting Python, try that option
   - This would create a new Python environment specifically for your project

Remember, for the best experience with Windows development, it's usually recommended to have Python installed natively on Windows, even if you also use it in WSL. This allows tools like Cursor to easily detect and use Python, and gives you more flexibility in how you work.

After following these steps, you should be able to select a Python interpreter in Cursor and start developing your Python projects.",claude-3.5-sonnet,False,
workspace.json,,22c4f324-c305-4900-9e0d-1ac7dac5a909,Checking Python in System PATH,user,2,deb20d5c-5ff5-4c22-a744-80ec816b13fb,,I guess I just don't want to have multiple python installations on my computer is there a way to use both powershell and wso with a single python installation,,False,
workspace.json,,22c4f324-c305-4900-9e0d-1ac7dac5a909,Checking Python in System PATH,ai,3,c163065e-70f7-4cdf-a819-1782229f153b,fe9878e9-fe3d-481b-9a8d-7d4a837ff915,"Yes, it's possible to use a single Python installation for both PowerShell and WSL, though it requires some setup. Here's how you can achieve this:

1. Use WSL's Python in Windows:

Instead of installing Python directly on Windows, you can use the WSL Python installation from Windows. This method involves adding the WSL Python to your Windows PATH.

```powershell
# In PowerShell, add this to your PATH (adjust the WSL distribution name if needed):
$userenv = [System.Environment]::GetEnvironmentVariable(""Path"", ""User"")
[System.Environment]::SetEnvironmentVariable(""PATH"", $userenv + "";\\wsl$\Ubuntu\usr\bin"", ""User"")
```

After doing this, restart your PowerShell session. You should now be able to use `python3` from PowerShell, which will actually run the WSL Python.

2. Create a PowerShell alias:

You can create an alias in PowerShell that calls the WSL Python:

```powershell
# Add this to your PowerShell profile
function Python-WSL { wsl python3 $args }
Set-Alias python Python-WSL
```

3. Use WSL Interop:

Recent versions of Windows 10 and 11 support WSL Interop, allowing you to call Linux binaries directly from Windows. You might be able to simply call `wsl python3` from PowerShell.

4. Configure Cursor to use WSL Python:

For Cursor specifically, you can try to configure it to use the WSL Python interpreter:

```
\\wsl$\Ubuntu\usr\bin\python3
```

Replace ""Ubuntu"" with your WSL distribution name if different.

Considerations:

1. Performance might be slightly affected when calling WSL Python from Windows.
2. Path translations between Windows and WSL can sometimes cause issues.
3. Some Windows-specific Python packages might not work correctly.

If these solutions don't work well for your workflow, you might want to reconsider having a Windows Python installation. Having both doesn't typically cause problems and can sometimes be more convenient. You can always use virtual environments to manage different Python versions and package sets for different projects.

Remember to restart Cursor after making these changes for it to detect the new Python configuration.",claude-3.5-sonnet,False,
workspace.json,,22c4f324-c305-4900-9e0d-1ac7dac5a909,Checking Python in System PATH,user,2,01fd109a-4aa4-476d-8dcb-ea9ddc8a9a4e,,is it ok to have python installed in wsl and a separate installation on windows?,,False,
workspace.json,,22c4f324-c305-4900-9e0d-1ac7dac5a909,Checking Python in System PATH,ai,3,cd92feb0-31d0-4292-b0cc-f07050f5c122,c0c9a8ff-09af-4e20-8fb4-24641bd1d1e2,"Yes, it's absolutely fine and quite common to have Python installed both in WSL (Windows Subsystem for Linux) and separately on Windows. This setup offers several advantages:

1. Flexibility: You can choose the most appropriate environment for each project or task.

2. Isolation: The two installations don't interfere with each other, allowing you to manage packages and versions independently.

3. Compatibility: Some tools or libraries work better in Windows, while others are more suited to a Linux environment.

4. Development for different targets: You can easily develop and test for both Windows and Linux environments.

5. Learning: It allows you to become familiar with Python in both operating systems.

6. IDE compatibility: Many IDEs and code editors on Windows work better with a native Windows Python installation.

Here are some best practices for managing multiple Python installations:

1. Use virtual environments for your projects to avoid conflicts between package versions.

2. Be clear about which Python you're using for each project or task.

3. Consider using version management tools like pyenv (for WSL) or pyenv-win (for Windows) to manage multiple Python versions.

4. When installing packages, make sure you're using the correct pip for the Python installation you intend to use.

Having both installations gives you more options and can make your development process more versatile. Just be mindful of which one you're using at any given time, especially when installing packages or running scripts.",claude-3.5-sonnet,False,
workspace.json,,22c4f324-c305-4900-9e0d-1ac7dac5a909,Checking Python in System PATH,user,2,b89aa7ed-86da-4261-b821-c334571c8fdc,,is there a way i can launch a website from wsl,,False,
workspace.json,,22c4f324-c305-4900-9e0d-1ac7dac5a909,Checking Python in System PATH,ai,3,8c0244a9-3fea-4188-85d5-7adb014721fe,a0693152-78d2-46da-93e9-3623753b2032,"Here are a few ways you can launch a website from WSL:

1. Using Python's built-in HTTP server:

```bash
# Navigate to your website directory
cd /path/to/your/website

# Start a simple HTTP server on port 8000
python3 -m http.server 8000
```

Then open a browser on Windows and go to `http://localhost:8000`.

2. Using a web framework like Flask:

```python
# app.py
from flask import Flask
app = Flask(__name__)

@app.route('/')
def hello():
    return ""Hello from WSL!""

if __name__ == '__main__':
    app.run(host='0.0.0.0', port=5000)
```

Run this with:

```bash
python3 app.py
```

Access it at `http://localhost:5000` from your Windows browser.

3. Using Node.js and Express (if you have Node installed in WSL):

```javascript
// app.js
const express = require('express')
const app = express()
const port = 3000

app.get('/', (req, res) => {
  res.send('Hello from WSL!')
})

app.listen(port, '0.0.0.0', () => {
  console.log(`Example app listening at http://localhost:${port}`)
})
```

Run with:

```bash
node app.js
```

Access at `http://localhost:3000`.

4. Using Apache or Nginx:
You can install and configure Apache or Nginx in WSL. This is more complex but provides a full web server environment.

Important notes:

- Use `0.0.0.0` as the host when configuring your server to make it accessible from Windows.
- Ensure your WSL firewall (if active) allows the port you're using.
- For more complex setups, you might need to configure port forwarding or use the WSL IP address instead of localhost.

Remember to stop your server when you're done (usually with Ctrl+C in the terminal where it's running).",claude-3.5-sonnet,False,
workspace.json,,22c4f324-c305-4900-9e0d-1ac7dac5a909,Checking Python in System PATH,user,2,350d4591-b5d6-419a-af9c-0b81007dd166,,,,False,
workspace.json,,92be1a99-e588-4fe0-a7b0-8216f61fe6ca,Installing Python: Global vs Virtual Environment,user,2,a2a4531d-df47-4b6e-99b7-cbaf3b325bfe,,help me install python... also mention if i should do this globally or inside a virtual envirionment,,False,
workspace.json,,92be1a99-e588-4fe0-a7b0-8216f61fe6ca,Installing Python: Global vs Virtual Environment,ai,3,556e7d11-f5fb-46df-bbc8-592c9349d551,cb3554bc-b6fc-4143-ba47-b4b6514004bf,"I'd be happy to help you install Python! Generally, it's a good practice to use virtual environments for Python projects, but I'll explain both global and virtual environment installations.

1. Global Installation:

To install Python globally on your system:

- Visit the official Python website: https://www.python.org/downloads/
- Download the latest version for your operating system (Windows, macOS, or Linux)
- Run the installer and follow the prompts
- Make sure to check the box that says ""Add Python to PATH"" during installation (on Windows)

To verify the installation, open a terminal or command prompt and type:

```
python --version
```

2. Virtual Environment (recommended):

Virtual environments allow you to create isolated Python environments for different projects. This is generally recommended as it helps avoid conflicts between package versions.

To set up a virtual environment:

a. First, install Python globally using the steps above.

b. Then, create a virtual environment:

For Windows:
```
python -m venv myenv
```

For macOS/Linux:
```
python3 -m venv myenv
```

c. Activate the virtual environment:

For Windows:
```
myenv\Scripts\activate
```

For macOS/Linux:
```
source myenv/bin/activate
```

When the virtual environment is activated, you'll see its name in your terminal prompt.

Recommendation:
For your project, I recommend using a virtual environment. This will allow you to manage dependencies specifically for this project without affecting your global Python installation.

After setting up and activating your virtual environment, you can install the required packages for your project using pip:

```
pip install opencv-python numpy mido pytube
```

This will install the necessary libraries (OpenCV, NumPy, Mido, and Pytube) that your script uses.

Remember to activate your virtual environment each time you work on this project. When you're done, you can deactivate it by simply typing `deactivate` in the terminal.",claude-3.5-sonnet,False,
workspace.json,,92be1a99-e588-4fe0-a7b0-8216f61fe6ca,Installing Python: Global vs Virtual Environment,user,2,4896e9aa-1f54-45ca-8390-5ae9fc330c2a,,is there a way to install python from CLI?,,False,
workspace.json,,92be1a99-e588-4fe0-a7b0-8216f61fe6ca,Installing Python: Global vs Virtual Environment,ai,3,ea24518d-1ebe-48bf-87fe-931994382dc9,819aac0c-ee36-4f28-8d0c-200f226cc762,"Certainly! You can install Python from the command line interface (CLI) on various operating systems. Here are the methods for different platforms:

1. On Ubuntu or Debian-based Linux:

```bash
sudo apt update
sudo apt install python3
```

For a specific version (e.g., Python 3.9):

```bash
sudo apt install python3.9
```

2. On Fedora or RHEL-based Linux:

```bash
sudo dnf install python3
```

3. On macOS using Homebrew:

First, install Homebrew if you haven't already:

```bash
/bin/bash -c ""$(curl -fsSL https://raw.githubusercontent.com/Homebrew/install/HEAD/install.sh)""
```

Then install Python:

```bash
brew install python
```

4. On Windows using Chocolatey:

First, install Chocolatey if you haven't already. Open PowerShell as Administrator and run:

```powershell
Set-ExecutionPolicy Bypass -Scope Process -Force; [System.Net.ServicePointManager]::SecurityProtocol = [System.Net.ServicePointManager]::SecurityProtocol -bor 3072; iex ((New-Object System.Net.WebClient).DownloadString('https://community.chocolatey.org/install.ps1'))
```

Then install Python:

```powershell
choco install python
```

5. Using pyenv (cross-platform):

pyenv is a great tool for managing multiple Python versions. First, install pyenv:

On macOS/Linux:
```bash
curl https://pyenv.run | bash
```

On Windows (using PowerShell):
```powershell
Invoke-WebRequest -UseBasicParsing -Uri ""https://raw.githubusercontent.com/pyenv-win/pyenv-win/master/pyenv-win/install-pyenv-win.ps1"" -OutFile ""./install-pyenv-win.ps1""; &""./install-pyenv-win.ps1""
```

Then install Python using pyenv:

```bash
pyenv install 3.9.7  # or any version you prefer
pyenv global 3.9.7
```

After installation, verify Python is installed correctly:

```bash
python --version
```

Remember, for project-specific work, it's still recommended to use virtual environments even with CLI installations. You can create a virtual environment using the `venv` module as described in the previous response.",claude-3.5-sonnet,False,
workspace.json,,92be1a99-e588-4fe0-a7b0-8216f61fe6ca,Installing Python: Global vs Virtual Environment,user,2,f5aecbb0-70aa-464a-9141-c8f625c44f0b,,"i want to use bash on a regular basis. should i install linux first, then python, or it doesn't matter?",,False,
workspace.json,,92be1a99-e588-4fe0-a7b0-8216f61fe6ca,Installing Python: Global vs Virtual Environment,ai,3,24ea2d09-abf5-47b0-898d-1901b7e60cfe,f6435db1-597a-4202-9336-1d71129df9f2,"

If you want to use Bash on a regular basis, installing Linux first and then Python is generally a good approach. Here's why:

1. Native Bash environment: Linux provides a native Bash environment, giving you the full Bash experience without any limitations.

2. Package management: Linux distributions come with package managers (like apt for Ubuntu/Debian or dnf for Fedora) that make installing and managing software, including Python, much easier.

3. Development tools: Many development tools and libraries are designed with Linux in mind, making it easier to set up development environments.

4. Learning experience: Using Linux can help you become more familiar with command-line operations and system administration, which are valuable skills for developers.

However, if you're not ready to switch to Linux entirely, you have a few options:

1. Dual boot: Install Linux alongside your current operating system.

2. Virtual Machine: Run Linux in a virtual machine using software like VirtualBox or VMware.

3. Windows Subsystem for Linux (WSL): If you're on Windows 10 or 11, you can install WSL to get a Linux environment within Windows.

4. macOS: If you're on a Mac, you already have access to a Unix-like environment with Bash (or Zsh in newer versions).

If you decide to install Linux, here's a general process:

1. Choose a Linux distribution (Ubuntu is popular for beginners)
2. Create a bootable USB drive with the Linux ISO
3. Install Linux (either as a dual boot or replacing your current OS)
4. Once Linux is installed, you can easily install Python using the package manager

```bash
sudo apt update
sudo apt install python3
```

5. Verify the installation:

```bash
python3 --version
```

Remember, whichever route you choose, you can always set up virtual environments for your Python projects to manage dependencies separately.

If you have any questions about installing Linux or setting up your development environment, feel free to ask!",claude-3.5-sonnet,False,
workspace.json,,92be1a99-e588-4fe0-a7b0-8216f61fe6ca,Installing Python: Global vs Virtual Environment,user,2,c3a7aff2-3494-4685-952b-e2eda7a91ec9,,what would be the differences between using dual boot vs wsl?,,False,
workspace.json,,92be1a99-e588-4fe0-a7b0-8216f61fe6ca,Installing Python: Global vs Virtual Environment,ai,3,39ef9078-e9d2-4fa7-8b30-11608d633db5,bc6db4c1-3f1e-44fc-95ed-a695185ff87e,"Great question! Dual booting and using Windows Subsystem for Linux (WSL) are both ways to access a Linux environment on a Windows machine, but they have some key differences. Here's a comparison:

Dual Boot:

1. Separate OS: You're running a full, native Linux OS alongside Windows.
2. Performance: Provides full hardware access and native performance.
3. Isolation: Complete separation between Windows and Linux environments.
4. Resource usage: Uses all system resources when running.
5. Switching: Requires rebooting to switch between Windows and Linux.
6. File access: Accessing Windows files from Linux (and vice versa) can be tricky.
7. Graphics: Full support for Linux desktop environments and graphics-intensive applications.

WSL:

1. Integrated: Runs Linux as a subsystem within Windows.
2. Performance: Generally good, but not quite native Linux performance.
3. Integration: Seamless integration with Windows; can run Linux commands from Windows terminal.
4. Resource usage: Shares resources with Windows, less overhead.
5. Switching: No reboot required; can run simultaneously with Windows.
6. File access: Easy access to Windows files from WSL and vice versa.
7. Graphics: Limited graphics support (improving with WSL 2 and GUI app support).
8. Convenience: Easier to set up and manage than a dual boot.

Recommendations:

1. Choose dual boot if:
   - You need full Linux performance and features
   - You want to work extensively in a Linux environment
   - You need advanced graphics support in Linux

2. Choose WSL if:
   - You primarily use Windows but need Linux for development tasks
   - You want easy integration between Windows and Linux environments
   - You prefer not to partition your hard drive or reboot to switch OS

For most Python development tasks, WSL is often sufficient and more convenient. However, if you're planning to dive deep into Linux system administration or need the full Linux experience, dual booting might be preferable.

Remember, you can always start with WSL and move to dual boot later if you find you need more from your Linux environment. If you decide to go with WSL, you can install it on Windows 10 or 11 using these commands in PowerShell (run as administrator):

```powershell
wsl --install
```

This will install WSL with Ubuntu by default. After installation, you'll need to reboot your system. Then you can open Ubuntu from the Start menu and set up your Linux username and password.

Let me know if you need any clarification or have more questions!",claude-3.5-sonnet,False,
workspace.json,,92be1a99-e588-4fe0-a7b0-8216f61fe6ca,Installing Python: Global vs Virtual Environment,user,2,478cc48a-e9f1-4f14-a532-19c9b7cf1f5e,,ok let's do wsl. should i do wsl 1 or wsl2?,,False,
workspace.json,,92be1a99-e588-4fe0-a7b0-8216f61fe6ca,Installing Python: Global vs Virtual Environment,ai,3,881b0f72-33b7-4818-ab93-9063848cb975,17e023b7-0042-4206-a7fa-1bfdfd56adab,"

Great choice! I recommend going with WSL 2 over WSL 1. Here's why:

1. Better performance: WSL 2 uses a lightweight VM, providing faster performance for many tasks, especially file system operations.

2. Full Linux kernel: WSL 2 includes a full Linux kernel, offering better system call compatibility.

3. Better resource management: WSL 2 has dynamic resource allocation, using what it needs and returning resources when not in use.

4. Docker support: WSL 2 provides better support for Docker and other containerization tools.

5. Future-proof: Microsoft is focusing its development efforts on WSL 2, so you'll get more features and improvements over time.

To install WSL 2:

1. Open PowerShell as Administrator and run:

```powershell
wsl --install
```

This command installs WSL 2 with Ubuntu by default.

2. Restart your computer when prompted.

3. After reboot, a Ubuntu window will open automatically. Set up your Linux username and password.

4. To ensure you're running WSL 2, open PowerShell and run:

```powershell
wsl --status
```

It should show ""Default Version: 2"".

5. If for some reason it's not version 2, you can set it:

```powershell
wsl --set-default-version 2
```

6. Update your Ubuntu distribution:

```bash
sudo apt update && sudo apt upgrade -y
```

7. Now you can install Python:

```bash
sudo apt install python3 python3-pip
```

8. Verify the installation:

```bash
python3 --version
```

Remember, you can access your Windows files from within WSL at `/mnt/c/` (assuming C: is your main drive).

With WSL 2 set up, you'll have a powerful Linux environment integrated into Windows, perfect for Python development and using Bash on a regular basis. Let me know if you need any help with the setup or have any questions!",claude-3.5-sonnet,False,
workspace.json,,92be1a99-e588-4fe0-a7b0-8216f61fe6ca,Installing Python: Global vs Virtual Environment,user,2,1be7b6b2-eeea-446c-a72f-08b464cf6a6d,,"does it matter what directory im in when i install wsl? right now im in ""C:\Users\my_name""",,False,
workspace.json,,92be1a99-e588-4fe0-a7b0-8216f61fe6ca,Installing Python: Global vs Virtual Environment,ai,3,fab9e7c0-d251-45d2-b5d5-c7239a096b6f,4f4be9d3-6ef5-4dab-8e2c-a3bfa3f62e54,"

The directory you're in when installing WSL doesn't matter. The WSL installation process is system-wide and doesn't depend on your current working directory. So being in ""C:\Users\my_name"" is perfectly fine for running the installation command.

Here's a quick breakdown of what happens:

1. When you run `wsl --install`, it installs WSL components in system directories.
2. The Linux distribution (Ubuntu by default) is installed in a hidden folder in your user directory, typically at `C:\Users\my_name\AppData\Local\Packages\`.
3. When you first launch the installed Linux distribution, it will create a Linux home directory for you, which is separate from your Windows home directory.

So, you can proceed with the installation from your current location:

```powershell
wsl --install
```

After installation:

1. Restart your computer when prompted.
2. After reboot, Ubuntu will launch automatically to finalize the installation.
3. You'll be asked to create a username and password for your Linux account.

Once set up, whenever you open Ubuntu through WSL, you'll start in your Linux home directory (`/home/your_linux_username/`), regardless of where you were in Windows when you launched it.

If you want to access your Windows files from within WSL, you can navigate to `/mnt/c/Users/my_name/`.

Remember, after installation, it's a good idea to update your Ubuntu system:

```bash
sudo apt update && sudo apt upgrade -y
```

Then you can proceed with installing Python and any other tools you need. Let me know if you have any questions during the process!",claude-3.5-sonnet,False,
workspace.json,,92be1a99-e588-4fe0-a7b0-8216f61fe6ca,Installing Python: Global vs Virtual Environment,user,2,58f115ea-d406-4f89-bc98-f68beabf1ef1,,how to export bash output to a txt fild,,False,
workspace.json,,92be1a99-e588-4fe0-a7b0-8216f61fe6ca,Installing Python: Global vs Virtual Environment,ai,3,8b7b0359-92b1-4fa5-8955-05c9bb7a26f1,ece38b04-dbc7-4547-a532-e215bb41ba36,"To export Bash output to a text file, you can use output redirection. Here are a few common methods:

1. Redirect stdout to a file (overwrites existing content):

```bash
command > output.txt
```

2. Append stdout to a file (adds to existing content):

```bash
command >> output.txt
```

3. Redirect both stdout and stderr to a file:

```bash
command &> output.txt
```

4. Append both stdout and stderr to a file:

```bash
command &>> output.txt
```

5. Redirect stdout to a file and stderr to another file:

```bash
command > output.txt 2> error.txt
```

6. Use the `tee` command to display output and save to a file simultaneously:

```bash
command | tee output.txt
```

7. Use `tee` with the `-a` flag to append instead of overwrite:

```bash
command | tee -a output.txt
```

Examples:

```bash
# Save the list of files to files.txt
ls -l > files.txt

# Append the date to a log file
date >> log.txt

# Save both output and errors from a script
./myscript.sh &> script_output.txt

# Display and save system information
uname -a | tee system_info.txt
```

Remember to replace `command` with the actual command you want to run. The output file (e.g., `output.txt`) will be created in your current directory unless you specify a different path.",claude-3.5-sonnet,False,
workspace.json,,92be1a99-e588-4fe0-a7b0-8216f61fe6ca,Installing Python: Global vs Virtual Environment,user,2,d57252f0-deb0-40e6-8a28-de9418a493d2,,"so if i've already run a command and see the output, i should now use command?",,False,
workspace.json,,92be1a99-e588-4fe0-a7b0-8216f61fe6ca,Installing Python: Global vs Virtual Environment,ai,3,feccb096-ec7c-4225-8f35-3b6be8d820d9,20165f08-105d-428b-b724-4c4006e3c6ed,"

I apologize for the confusion. You're right - if you've already run a command and seen the output in the terminal, you can't directly redirect that past output to a file using the methods I described earlier. Those methods are for capturing output as the command is being run.

However, there are a few ways to save output that's already been displayed:

1. Scroll back and copy-paste:
   You can manually scroll up, select the output, copy it, and paste it into a text file using a text editor like nano or vim.

2. Use terminal scrollback buffer:
   Many terminal emulators allow you to save the entire scrollback buffer. For example, in Windows Terminal or WSL terminal:
   - Right-click and select ""Select All""
   - Right-click again and choose ""Copy""
   - Open a text editor and paste the content

3. Use the `history` command:
   If you want to save the commands you've run:

   ```bash
   history > command_history.txt
   ```

4. For future reference, use `script`:
   Before running commands you want to save, start a `script` session:

   ```bash
   script output.txt
   ```

   This will record all subsequent terminal input and output to `output.txt`. Type `exit` when you're done to stop recording.

5. Use terminal's built-in logging (if available):
   Some terminals have built-in logging features. Check your terminal's settings or documentation.

For the specific output you've already seen, the easiest method is probably to scroll up, select the relevant output, copy it, and paste it into a new text file:

```bash
nano output.txt
```

Then paste the content, save (Ctrl+O), and exit (Ctrl+X).

In the future, if you know you'll want to save the output, you can use the redirection methods I mentioned in the previous message before running the command.",claude-3.5-sonnet,False,
workspace.json,,92be1a99-e588-4fe0-a7b0-8216f61fe6ca,Installing Python: Global vs Virtual Environment,user,2,2b77125b-b7a9-4e3a-83f3-3b09cf8ee11f,,it looks like that didnt create the file?,,False,
workspace.json,,92be1a99-e588-4fe0-a7b0-8216f61fe6ca,Installing Python: Global vs Virtual Environment,ai,3,b79dd30b-759c-4250-86fa-a9d59c77aa6e,2df6e657-283d-43b6-bd64-28423105c1c5,"You're right, and I apologize for the confusion. The `nano output.txt` command alone doesn't create the file until you actually save some content in it. Let's break down what happened:

1. You opened nano with a new file name `output.txt`.
2. However, you likely exited nano without saving any content (perhaps by pressing Ctrl+X and then N when asked to save).
3. Because no content was saved, no file was created.

To create the file, you can do one of the following:

1. Use nano and save some content:
```bash
nano output.txt
# Type some content
# Press Ctrl+X, then Y, then Enter to save and exit
```

2. Use the touch command to create an empty file:
```bash
touch output.txt
```

3. Use echo to create a file with some initial content:
```bash
echo ""This is a new file"" > output.txt
```

After using any of these methods, when you run `ls`, you should see `output.txt` in the list of files.

To verify the file's creation and content, you can use:
```bash
ls -l output.txt  # Shows file details
cat output.txt    # Displays file content
```

Let me know if you have any questions about creating or manipulating files!",claude-3.5-sonnet,False,
workspace.json,,92be1a99-e588-4fe0-a7b0-8216f61fe6ca,Installing Python: Global vs Virtual Environment,user,2,e712898f-c10e-4fb8-b988-cd763c1bde3f,,"ok ive opened nano, but ctrl O doesnt do anything. its telling me paste is ctrl U, but i get this",,False,
workspace.json,,92be1a99-e588-4fe0-a7b0-8216f61fe6ca,Installing Python: Global vs Virtual Environment,ai,3,b04a9ec7-6eeb-4241-a418-313bc19e9704,8e8a9a51-2fa0-4cd1-bcfb-dd0746463dad,"I see the issue now. You're in the nano text editor, but it seems the standard keyboard shortcuts aren't working as expected. This can happen in some terminal environments, especially when using WSL or certain SSH clients.

Given that Ctrl+O isn't working for saving, and Ctrl+U for paste is giving you an ""empty cutbuffer"" message, let's try a different approach:

1. First, let's exit nano without saving:
   - Press Ctrl+X
   - If it asks to save, press N for No

2. Now, let's create the file using a simple echo command:
   ```bash
   echo ""This is a test file"" > output.txt
   ```

3. Verify the file was created:
   ```bash
   ls -l output.txt
   ```

4. View the contents:
   ```bash
   cat output.txt
   ```

If you need to edit the file, we can try using a different text editor like `vim` or `vi`, which might work better in your current environment:

```bash
vim output.txt
```

In vim:
- Press `i` to enter insert mode
- Type or paste your text
- Press Esc to exit insert mode
- Type `:wq` and press Enter to save and quit

If you're not familiar with vim, it might be easier to use echo commands to add content to your file:

```bash
echo ""Additional line"" >> output.txt
```

This approach avoids the issues with nano's keyboard shortcuts. Let me know if this works better for you or if you need any other assistance!",claude-3.5-sonnet,False,
workspace.json,,92be1a99-e588-4fe0-a7b0-8216f61fe6ca,Installing Python: Global vs Virtual Environment,user,2,64e755eb-cf2b-4514-afd5-39fb8b3024e7,,what does empty cutbuffer mean?,,False,
workspace.json,,92be1a99-e588-4fe0-a7b0-8216f61fe6ca,Installing Python: Global vs Virtual Environment,ai,3,790bab50-3b43-4d04-87c5-8758b5d222a3,87e63c35-0ac9-41bb-884b-49b92f319cbd,"

The ""empty cutbuffer"" message you're seeing in nano refers to the clipboard-like functionality within the text editor. Here's a breakdown of what it means:

1. Cutbuffer: This is nano's term for its internal clipboard or temporary storage area for text that has been cut or copied.

2. Empty: In this case, it means there's no text currently stored in the cutbuffer.

3. Why it's happening: When you tried to paste (Ctrl+U), nano checked its cutbuffer and found it empty, hence the message.

Common reasons for an empty cutbuffer:

1. You haven't cut or copied any text within nano in this session.
2. The last cut or copy operation didn't work as expected.
3. There might be an issue with how your terminal is interacting with nano, preventing proper cut/copy operations.

In normal operation:
- Ctrl+K cuts (kills) a line of text, storing it in the cutbuffer.
- Ctrl+U pastes (uncuts) the content of the cutbuffer.

The empty cutbuffer message is nano's way of telling you there's nothing to paste because nothing has been cut or copied yet.

To resolve this:
1. Try cutting some text first (e.g., move the cursor to a line and press Ctrl+K).
2. Then try pasting with Ctrl+U.

If these operations don't work as expected, it might indicate a broader issue with how your terminal is handling nano's keyboard shortcuts. In such cases, using alternative methods to edit files (like vim, or command-line tools like echo) might be more reliable until you can troubleshoot the nano configuration in your WSL environment.",claude-3.5-sonnet,False,
workspace.json,,92be1a99-e588-4fe0-a7b0-8216f61fe6ca,Installing Python: Global vs Virtual Environment,user,2,6890fd6c-19b9-449a-aa42-8ffca862bcc6,,how to check that Python is part of my path,,False,
workspace.json,,92be1a99-e588-4fe0-a7b0-8216f61fe6ca,Installing Python: Global vs Virtual Environment,ai,3,26df39a3-82f9-402b-ab02-4542cfa789df,,,claude-3.5-sonnet,False,
workspace.json,,36d9a472-8edd-4200-b2d5-f8ce7c2f2452,Python Multi-Line String and Code Formatting,user,2,5bc61e6f-9cb0-45a3-8b8c-4770260485ec,,how to span multiple lines in python,,False,
workspace.json,,36d9a472-8edd-4200-b2d5-f8ce7c2f2452,Python Multi-Line String and Code Formatting,ai,3,34a9ee35-7676-437b-9fd1-d48dc535d490,69abacac-7de1-4754-8baf-6f3c15efbe7c,"To span multiple lines in Python, you have a few options depending on the context. Here are the main ways to do it:

1. For strings, you can use triple quotes:

```python
multi_line_string = """"""
This is a string
that spans multiple
lines.
""""""
```

2. For long expressions or function calls, you can use parentheses:

```python
long_calculation = (
    100 + 200 + 300
    + 400 + 500 + 600
    + 700 + 800 + 900
)

function_call(
    arg1,
    arg2,
    arg3,
    arg4
)
```

3. For lists, tuples, or dictionaries, you can use their natural line breaks:

```python
my_list = [
    'item1',
    'item2',
    'item3',
    'item4'
]

my_dict = {
    'key1': 'value1',
    'key2': 'value2',
    'key3': 'value3'
}
```

4. For long lines of code, you can use the backslash (`\`) as a line continuation character:

```python
very_long_variable_name = value1 + value2 + \
                          value3 + value4 + \
                          value5 + value6
```

However, it's generally preferred to use parentheses instead of backslashes when possible, as it's more readable and less error-prone.

5. In your specific file, you're already using multi-line function definitions and if statements correctly. For example:

```python:pianovideotomidi/main.py
def __labelKeys(keyboard):
    cIndex = 0
    cs = []
    global __middleC
    for i in range(len(__defaultValues)-6):
        if(__defaultValues[i]>__whiteThreshold and __defaultValues[i+1]>__whiteThreshold and 
           __defaultValues[i+2]<__blackThreshold and __defaultValues[i+3]>__whiteThreshold and 
           __defaultValues[i+4]<__blackThreshold and __defaultValues[i+5]>__whiteThreshold and 
           __defaultValues[i+6]>__whiteThreshold):
            cs.append(i+1)
```

This is a good example of using natural line breaks within parentheses to make a long condition more readable.

Remember, Python uses indentation to determine code blocks, so make sure your indentation is consistent when spanning multiple lines.",claude-3.5-sonnet,True,
workspace.json,,36d9a472-8edd-4200-b2d5-f8ce7c2f2452,Python Multi-Line String and Code Formatting,user,2,0b450642-a8b9-476e-a5d3-1a2f26d98389,,,,False,
workspace.json,,c7d5de98-34a1-4ea3-8cd3-708d60b3821d,lab-saver: how to get data,user,2,1b5a3e93-e9c1-4e81-bff6-d389b17cfe29,,who are the main wholesalers for scientific lab consumables?,,False,
workspace.json,,c7d5de98-34a1-4ea3-8cd3-708d60b3821d,lab-saver: how to get data,ai,3,3eb30f88-eb0b-4aae-91e4-134b370e08eb,3c10916a-30a9-4480-a371-9ca54dc2fe6c,"While I don't have specific, up-to-date information on the main wholesalers for scientific lab consumables, I can provide you with some general information about typical players in this market:

1. Large scientific supply companies: These often include companies like Thermo Fisher Scientific, VWR (now part of Avantor), Sigma-Aldrich (now part of Merck KGaA), and Fisher Scientific.

2. Specialty lab supply companies: There are numerous companies that specialize in particular types of lab consumables or cater to specific scientific fields.

3. General laboratory equipment suppliers: Companies that supply a wide range of lab equipment often also offer consumables.

4. Regional or local suppliers: Depending on the location, there might be regional wholesalers that serve specific geographic areas.

5. Manufacturer-direct suppliers: Some manufacturers of lab consumables sell directly to end-users, effectively acting as their own wholesalers.

6. Online marketplaces: Platforms like Amazon Business and Alibaba have sections dedicated to lab supplies and consumables.

To get the most accurate and current information about wholesalers in your specific region or for particular types of lab consumables, you might want to:

1. Conduct online research focusing on your region and specific needs
2. Consult with laboratory managers or procurement specialists in your field
3. Attend scientific conferences or trade shows where suppliers often exhibit
4. Check scientific journals or trade publications for advertisements or supplier listings

Remember, the market can change over time, so it's always best to verify current information directly with potential suppliers or through recent industry reports.",claude-3.5-sonnet,False,
workspace.json,,c7d5de98-34a1-4ea3-8cd3-708d60b3821d,lab-saver: how to get data,user,2,96c7f377-71c5-4e80-8cc4-505afbbd944c,,"focusing on the large scientific supply companies, do any of those websites have APIs @Web ",,False,
workspace.json,,c7d5de98-34a1-4ea3-8cd3-708d60b3821d,lab-saver: how to get data,ai,3,55af2409-871f-432d-bda9-c8ab6da28d95,40db5b07-ea58-4d34-917b-23ad90237cac,"Based on the search results provided, I don't see any direct information about APIs (Application Programming Interfaces) offered by large scientific supply companies. However, I can provide some relevant insights from the information available:

1. Scientist.com Marketplace (https://app.scientist.com/) appears to offer an enterprise solution for purchasing research services, human biosamples, and lab supplies. They mention having a JSON API and Ruby SDK, which suggests they may have programmatic access to their platform:

   ""Developers
   - JSON API
   - Ruby SDK
   - Github""

   This could potentially be used to access their catalog or place orders programmatically, though specific details aren't provided in the search results.

2. Spectrum Pharmacy Products (https://www.spectrumrx.com/) doesn't explicitly mention any APIs, but they do offer online tools such as:
   - Safety Data Sheets
   - Certificates of Analysis
   - Online Payments

   While these aren't APIs, they suggest some level of digital integration for their services.

3. eScientific Solutions (https://escientificsolutions.com/) doesn't mention any APIs in the provided search results.

It's worth noting that many large scientific supply companies may have APIs or other integration options that aren't publicly advertised on their main websites. To get accurate information about API availability, you would likely need to:

1. Contact the companies directly to inquire about B2B integration options.
2. Check their developer portals, if available (these are often separate from the main website).
3. Speak with their sales or technical teams about enterprise solutions that might include API access.

For the most up-to-date and accurate information, I recommend reaching out to the specific scientific supply companies you're interested in and asking about their API or integration capabilities directly.",claude-3.5-sonnet,False,
workspace.json,,c7d5de98-34a1-4ea3-8cd3-708d60b3821d,lab-saver: how to get data,user,2,37004fbe-0454-4955-ae95-08504edab19a,,ok now i have a question about scraping - is this detectable by the website being scraped?,,False,
workspace.json,,c7d5de98-34a1-4ea3-8cd3-708d60b3821d,lab-saver: how to get data,ai,3,20a57cb9-b6b1-4523-848b-7261a7cf7495,a861021c-79e1-4c74-9eb8-20645f3a9b65,"Yes, web scraping is generally detectable by the website being scraped. Here's a concise overview of how websites can detect scraping:

1. IP address monitoring:
   - Unusual request patterns from a single IP
   - High volume of requests in a short time

2. User agent analysis:
   - Inconsistent or suspicious user agent strings
   - Known scraper user agents

3. Request patterns:
   - Abnormally fast navigation
   - Systematic access to specific resources

4. Behavioral analysis:
   - Lack of mouse movements or clicks
   - Unusual session durations

5. CAPTCHA challenges:
   - Used to differentiate humans from bots

6. Honeypot traps:
   - Hidden links that only bots would follow

7. Browser fingerprinting:
   - Detecting inconsistencies in browser characteristics

8. Rate limiting:
   - Restricting number of requests per time period

9. Log analysis:
   - Identifying patterns indicative of automated access

To avoid detection, scrapers often employ techniques like:
- Mimicking human behavior
- Using proxy servers to rotate IP addresses
- Respecting robots.txt and implementing rate limiting
- Adding delays between requests

However, it's important to note that attempting to circumvent detection may violate terms of service or legal agreements. Always ensure you have permission to scrape a website and consider ethical and legal implications.",claude-3.5-sonnet,False,
workspace.json,,c7d5de98-34a1-4ea3-8cd3-708d60b3821d,lab-saver: how to get data,user,2,10f92be4-6b1d-45da-9925-bcee7f168e6b,,,,False,
